"","Module","Policy","ISO","year","Value","Policytype","Policytype_detail","diff","diff_2","introduction","diff_adj","diff_2_adj","source","Policy_name_fig_1","Policy_name_fig_2_3","Policy_name_fig_4","Market_non_market","Cluster_categories","label"
"1","Cross_sectoral","RDD_Otherstorage","SWE",1997,8,"MBI","Other MBI",6,0,0,1,0,"OECD",NA,NA,NA,NA,NA,"jump"
"2","Cross_sectoral","RDD_Renewables","FIN",1997,9,"MBI","Other MBI",2,0,0,1,0,"OECD",NA,NA,NA,NA,NA,"jump"
"3","Electricity","AirEmissionStandards","RUS",1997,3,"NMBI","Performance Standards",3,0,0,1,0,"OECD","Air pollution standard","Air pollution standard","Air pollution standard","Non-market","Regulation","jump"
"4","Cross_sectoral","Methane Policies","GBR",1998,4,"NMBI","Other NMBI",2,2,0,1,1,"OECD",NA,NA,NA,NA,NA,"jump"
"5","Cross_sectoral","RDD_Otherstorage","BEL",1998,5,"MBI","Other MBI",2,-1,0,1,0,"OECD",NA,NA,NA,NA,NA,"jump"
"6","Cross_sectoral","RDD_Otherstorage","JPN",1998,7,"MBI","Other MBI",2,2,0,1,1,"OECD",NA,NA,NA,NA,NA,"jump"
"7","Cross_sectoral","RDD_Renewables","NLD",1998,9,"MBI","Other MBI",1,2,0,0,1,"OECD",NA,NA,NA,NA,NA,"jump"
"8","International","Ratification of Climate Treaties","CAN",1998,5,"Other","International Co-operation",2,2,0,1,1,"OECD",NA,NA,NA,NA,NA,"jump"
"9","International","Ratification of Climate Treaties","KOR",1998,5,"Other","International Co-operation",2,2,0,1,1,"OECD",NA,NA,NA,NA,NA,"jump"
"10","International","Ratification of Climate Treaties","NOR",1998,5,"Other","International Co-operation",2,2,0,1,1,"OECD",NA,NA,NA,NA,NA,"jump"
"11","Cross_sectoral","RDD_Otherstorage","SWE",1999,9,"MBI","Other MBI",2,1,0,1,0,"OECD",NA,NA,NA,NA,NA,"jump"
"12","Electricity","AirEmissionStandards","JPN",1999,5,"NMBI","Performance Standards",2,3,0,1,1,"OECD","Air pollution standard","Air pollution standard","Air pollution standard","Non-market","Regulation","jump"
"13","International","Ratification of Climate Treaties","AUS",1999,5,"Other","International Co-operation",2,2,0,1,1,"OECD",NA,NA,NA,NA,NA,"jump"
"14","International","Ratification of Climate Treaties","DEU",1999,5,"Other","International Co-operation",2,2,0,1,1,"OECD",NA,NA,NA,NA,NA,"jump"
"15","International","Ratification of Climate Treaties","ESP",1999,5,"Other","International Co-operation",2,2,0,1,1,"OECD",NA,NA,NA,NA,NA,"jump"
"16","International","Ratification of Climate Treaties","SWE",1999,5,"Other","International Co-operation",2,2,0,1,1,"OECD",NA,NA,NA,NA,NA,"jump"
"17","Cross_sectoral","Methane Policies","CAN",2000,2,"NMBI","Other NMBI",2,2,1,1,1,"OECD",NA,NA,NA,NA,NA,"jump"
"18","Cross_sectoral","RDD_Otherstorage","CAN",2000,6,"MBI","Other MBI",3,3,0,1,1,"OECD",NA,NA,NA,NA,NA,"jump"
"19","Cross_sectoral","RDD_Otherstorage","DEU",2000,4,"MBI","Other MBI",2,0,0,1,0,"OECD",NA,NA,NA,NA,NA,"jump"
"20","Cross_sectoral","RDD_Otherstorage","FRA",2000,1,"MBI","Other MBI",1,1,1,0,0,"OECD",NA,NA,NA,NA,NA,"jump"
"21","Cross_sectoral","RDD_Otherstorage","ITA",2000,9,"MBI","Other MBI",0,5,0,0,1,"OECD",NA,NA,NA,NA,NA,"jump"
"22","Cross_sectoral","RDD_Otherstorage","NOR",2000,7,"MBI","Other MBI",3,3,0,1,1,"OECD",NA,NA,NA,NA,NA,"jump"
"23","Cross_sectoral","RDD_Renewables","CAN",2000,4,"MBI","Other MBI",2,2,0,1,1,"OECD",NA,NA,NA,NA,NA,"jump"
"24","Cross_sectoral","RDD_Renewables","SWE",2000,8,"MBI","Other MBI",2,2,0,1,1,"OECD",NA,NA,NA,NA,NA,"jump"
"25","Electricity","AirEmissionStandards","SWE",2000,3,"NMBI","Performance Standards",3,3,1,1,1,"OECD","Air pollution standard","Air pollution standard","Air pollution standard","Non-market","Regulation","jump"
"26","International","Ratification of Climate Treaties","AUT",2000,5,"Other","International Co-operation",2,2,0,1,1,"OECD",NA,NA,NA,NA,NA,"jump"
"27","International","Ratification of Climate Treaties","NLD",2000,5,"Other","International Co-operation",2,2,0,1,1,"OECD",NA,NA,NA,NA,NA,"jump"
"28","Cross_sectoral","RDD_Renewables","ITA",2001,4,"MBI","Other MBI",2,0,0,1,0,"OECD",NA,NA,NA,NA,NA,"jump"
"29","Electricity","Auction","DEU",2001,2,"MBI","Subsidy",2,2,1,1,1,"OECD","Renewable auction","Renewable auction","Renewable subsidy","Market","Subsidy","jump"
"30","Electricity","Feed-In-Tariffs","FRA",2001,3,"MBI","Subsidy",2,0,0,1,0,"OECD","Renewable feed in tariff","Renewable feed in tariff","Renewable subsidy","Market","Subsidy","jump"
"31","Electricity","Renewable energy certificates","AUS",2001,1,"MBI","Subsidy",1,1,1,0,0,"OECD","Renewable portfolio standard","Renewable portfolio standard","Renewable portfolio standard","Non-market","Regulation","jump"
"32","International","Ratification of Climate Treaties","FIN",2001,5,"Other","International Co-operation",2,2,0,1,1,"OECD",NA,NA,NA,NA,NA,"jump"
"33","International","Ratification of Climate Treaties","GBR",2001,5,"Other","International Co-operation",2,2,0,1,1,"OECD",NA,NA,NA,NA,NA,"jump"
"34","International","Ratification of Climate Treaties","ITA",2001,5,"Other","International Co-operation",2,2,0,1,1,"OECD",NA,NA,NA,NA,NA,"jump"
"35","Cross_sectoral","Methane Policies","RUS",2002,2,"NMBI","Other NMBI",2,2,1,1,1,"OECD",NA,NA,NA,NA,NA,"jump"
"36","Cross_sectoral","RDD_Renewables","AUT",2002,6,"MBI","Other MBI",1,2,0,0,1,"OECD",NA,NA,NA,NA,NA,"jump"
"37","Cross_sectoral","RDD_Renewables","FRA",2002,4,"MBI","Other MBI",2,2,0,1,1,"OECD",NA,NA,NA,NA,NA,"jump"
"38","Electricity","AirEmissionStandards","DEU",2002,6,"NMBI","Performance Standards",3,3,0,1,1,"OECD","Air pollution standard","Air pollution standard","Air pollution standard","Non-market","Regulation","jump"
"39","Electricity","AirEmissionStandards","AUS",2002,2,"NMBI","Performance Standards",2,2,1,1,1,"OECD","Air pollution standard","Air pollution standard","Air pollution standard","Non-market","Regulation","jump"
"40","Electricity","AirEmissionStandards","FIN",2002,6,"NMBI","Performance Standards",2,2,0,1,1,"OECD","Air pollution standard","Air pollution standard","Air pollution standard","Non-market","Regulation","jump"
"41","Electricity","AirEmissionStandards","NOR",2002,5,"NMBI","Performance Standards",3,3,0,1,1,"OECD","Air pollution standard","Air pollution standard","Air pollution standard","Non-market","Regulation","jump"
"42","Electricity","AirEmissionStandards","SWE",2002,5,"NMBI","Performance Standards",2,2,0,1,1,"OECD","Air pollution standard","Air pollution standard","Air pollution standard","Non-market","Regulation","jump"
"43","Electricity","Feed-In-Tariffs","IND",2002,5,"MBI","Subsidy",2,2,0,1,1,"OECD","Renewable feed in tariff","Renewable feed in tariff","Renewable subsidy","Market","Subsidy","jump"
"44","Electricity","Renewable energy certificates","ITA",2002,3,"MBI","Subsidy",3,3,1,1,1,"OECD","Renewable portfolio standard","Renewable portfolio standard","Renewable portfolio standard","Non-market","Regulation","jump"
"45","International","Ratification of Climate Treaties","AUT",2002,7,"Other","International Co-operation",2,2,0,1,1,"OECD",NA,NA,NA,NA,NA,"jump"
"46","International","Ratification of Climate Treaties","BEL",2002,5,"Other","International Co-operation",2,2,0,1,1,"OECD",NA,NA,NA,NA,NA,"jump"
"47","International","Ratification of Climate Treaties","CAN",2002,7,"Other","International Co-operation",2,2,0,1,1,"OECD",NA,NA,NA,NA,NA,"jump"
"48","International","Ratification of Climate Treaties","CHE",2002,5,"Other","International Co-operation",2,2,0,1,1,"OECD",NA,NA,NA,NA,NA,"jump"
"49","International","Ratification of Climate Treaties","CHN",2002,5,"Other","International Co-operation",2,2,0,1,1,"OECD",NA,NA,NA,NA,NA,"jump"
"50","International","Ratification of Climate Treaties","DEU",2002,7,"Other","International Co-operation",2,2,0,1,1,"OECD",NA,NA,NA,NA,NA,"jump"
"51","International","Ratification of Climate Treaties","DNK",2002,5,"Other","International Co-operation",2,2,0,1,1,"OECD",NA,NA,NA,NA,NA,"jump"
"52","International","Ratification of Climate Treaties","ESP",2002,7,"Other","International Co-operation",2,2,0,1,1,"OECD",NA,NA,NA,NA,NA,"jump"
"53","International","Ratification of Climate Treaties","FIN",2002,7,"Other","International Co-operation",2,4,0,1,0,"OECD",NA,NA,NA,NA,NA,"jump"
"54","International","Ratification of Climate Treaties","FRA",2002,5,"Other","International Co-operation",2,2,0,1,1,"OECD",NA,NA,NA,NA,NA,"jump"
"55","International","Ratification of Climate Treaties","GBR",2002,7,"Other","International Co-operation",2,4,0,1,0,"OECD",NA,NA,NA,NA,NA,"jump"
"56","International","Ratification of Climate Treaties","IND",2002,5,"Other","International Co-operation",2,2,0,1,1,"OECD",NA,NA,NA,NA,NA,"jump"
"57","International","Ratification of Climate Treaties","ITA",2002,7,"Other","International Co-operation",2,4,0,1,0,"OECD",NA,NA,NA,NA,NA,"jump"
"58","International","Ratification of Climate Treaties","JPN",2002,7,"Other","International Co-operation",4,4,0,1,1,"OECD",NA,NA,NA,NA,NA,"jump"
"59","International","Ratification of Climate Treaties","KOR",2002,7,"Other","International Co-operation",2,2,0,1,1,"OECD",NA,NA,NA,NA,NA,"jump"
"60","International","Ratification of Climate Treaties","NLD",2002,7,"Other","International Co-operation",2,2,0,1,1,"OECD",NA,NA,NA,NA,NA,"jump"
"61","International","Ratification of Climate Treaties","NOR",2002,7,"Other","International Co-operation",2,2,0,1,1,"OECD",NA,NA,NA,NA,NA,"jump"
"62","International","Ratification of Climate Treaties","SWE",2002,7,"Other","International Co-operation",2,2,0,1,1,"OECD",NA,NA,NA,NA,NA,"jump"
"63","Cross_sectoral","RDD_Otherstorage","CAN",2003,8,"MBI","Other MBI",1,2,0,0,1,"OECD",NA,NA,NA,NA,NA,"jump"
"64","Cross_sectoral","RDD_Otherstorage","KOR",2003,8,"MBI","Other MBI",2,0,0,1,0,"OECD",NA,NA,NA,NA,NA,"jump"
"65","Cross_sectoral","RDD_Renewables","CAN",2003,5,"MBI","Other MBI",2,2,0,1,1,"OECD",NA,NA,NA,NA,NA,"jump"
"66","Cross_sectoral","RDD_Renewables","FIN",2003,9,"MBI","Other MBI",2,2,0,1,1,"OECD",NA,NA,NA,NA,NA,"jump"
"67","Electricity","AirEmissionStandards","GBR",2003,5,"NMBI","Performance Standards",3,3,0,1,1,"OECD","Air pollution standard","Air pollution standard","Air pollution standard","Non-market","Regulation","jump"
"68","Electricity","AirEmissionStandards","DNK",2003,5,"NMBI","Performance Standards",3,3,0,1,1,"OECD","Air pollution standard","Air pollution standard","Air pollution standard","Non-market","Regulation","jump"
"69","Electricity","AirEmissionStandards","CAN",2003,7,"NMBI","Performance Standards",7,7,1,1,1,"OECD","Air pollution standard","Air pollution standard","Air pollution standard","Non-market","Regulation","jump"
"70","Electricity","Feed-In-Tariffs","NLD",2003,2,"MBI","Subsidy",2,2,1,1,1,"OECD","Renewable feed in tariff","Renewable feed in tariff","Renewable subsidy","Market","Subsidy","jump"
"71","Electricity","Feed-In-Tariffs","AUT",2003,3,"MBI","Subsidy",2,2,0,1,1,"OECD","Renewable feed in tariff","Renewable feed in tariff","Renewable subsidy","Market","Subsidy","jump"
"72","Electricity","Feed-In-Tariffs","KOR",2003,4,"MBI","Subsidy",4,4,1,1,1,"OECD","Renewable feed in tariff","Renewable feed in tariff","Renewable subsidy","Market","Subsidy","jump"
"73","Electricity","Renewable energy certificates","GBR",2003,4,"MBI","Subsidy",4,4,1,1,1,"OECD","Renewable portfolio standard","Renewable portfolio standard","Renewable portfolio standard","Non-market","Regulation","jump"
"74","Electricity","Renewable energy certificates","BEL",2003,3,"MBI","Subsidy",3,3,1,1,1,"OECD","Renewable portfolio standard","Renewable portfolio standard","Renewable portfolio standard","Non-market","Regulation","jump"
"75","Electricity","Renewable energy certificates","SWE",2003,6,"MBI","Subsidy",6,6,1,1,1,"OECD","Renewable portfolio standard","Renewable portfolio standard","Renewable portfolio standard","Non-market","Regulation","jump"
"76","Electricity","Renewable energy certificates","JPN",2003,2,"MBI","Subsidy",2,2,1,1,1,"OECD","Renewable portfolio standard","Renewable portfolio standard","Renewable portfolio standard","Non-market","Regulation","jump"
"77","International","Ratification of Climate Treaties","CHE",2003,7,"Other","International Co-operation",2,4,0,1,0,"OECD",NA,NA,NA,NA,NA,"jump"
"78","International","Ratification of Climate Treaties","IND",2003,7,"Other","International Co-operation",2,4,0,1,0,"OECD",NA,NA,NA,NA,NA,"jump"
"79","International","Ratification of Climate Treaties","DNK",2003,7,"Other","International Co-operation",2,4,0,1,0,"OECD",NA,NA,NA,NA,NA,"jump"
"80","International","Ratification of Climate Treaties","FRA",2003,7,"Other","International Co-operation",2,4,0,1,0,"OECD",NA,NA,NA,NA,NA,"jump"
"81","International","Ratification of Climate Treaties","ISR",2003,5,"Other","International Co-operation",2,2,0,1,1,"OECD",NA,NA,NA,NA,NA,"jump"
"82","International","Ratification of Climate Treaties","USA",2003,5,"Other","International Co-operation",2,2,0,1,1,"OECD",NA,NA,NA,NA,NA,"jump"
"83","Cross_sectoral","RDD_Otherstorage","JPN",2004,5,"MBI","Other MBI",2,0,0,1,0,"OECD",NA,NA,NA,NA,NA,"jump"
"84","Cross_sectoral","RDD_Otherstorage","AUT",2004,7,"MBI","Other MBI",2,2,0,1,1,"OECD",NA,NA,NA,NA,NA,"jump"
"85","Cross_sectoral","RDD_Otherstorage","FRA",2004,3,"MBI","Other MBI",1,2,0,0,1,"OECD",NA,NA,NA,NA,NA,"jump"
"86","Cross_sectoral","RDD_Renewables","AUS",2004,6,"MBI","Other MBI",3,0,0,1,0,"OECD",NA,NA,NA,NA,NA,"jump"
"87","Cross_sectoral","RDD_Renewables","DNK",2004,9,"MBI","Other MBI",3,3,0,1,1,"OECD",NA,NA,NA,NA,NA,"jump"
"88","Cross_sectoral","RDD_Renewables","JPN",2004,7,"MBI","Other MBI",3,2,0,1,1,"OECD",NA,NA,NA,NA,NA,"jump"
"89","Cross_sectoral","RDD_Renewables","KOR",2004,6,"MBI","Other MBI",4,4,0,1,1,"OECD",NA,NA,NA,NA,NA,"jump"
"90","Cross_sectoral","RDD_Renewables","SWE",2004,9,"MBI","Other MBI",2,1,0,1,0,"OECD",NA,NA,NA,NA,NA,"jump"
"91","Electricity","AirEmissionStandards","BEL",2004,7,"NMBI","Performance Standards",5,5,0,1,1,"OECD","Air pollution standard","Air pollution standard","Air pollution standard","Non-market","Regulation","jump"
"92","Electricity","AirEmissionStandards","ESP",2004,5,"NMBI","Performance Standards",3,3,0,1,1,"OECD","Air pollution standard","Air pollution standard","Air pollution standard","Non-market","Regulation","jump"
"93","Electricity","AirEmissionStandards","FRA",2004,5,"NMBI","Performance Standards",3,3,0,1,1,"OECD","Air pollution standard","Air pollution standard","Air pollution standard","Non-market","Regulation","jump"
"94","International","Ratification of Climate Treaties","ISR",2004,7,"Other","International Co-operation",2,4,0,1,0,"OECD",NA,NA,NA,NA,NA,"jump"
"95","International","Ratification of Climate Treaties","BEL",2004,7,"Other","International Co-operation",2,2,0,1,1,"OECD",NA,NA,NA,NA,NA,"jump"
"96","International","Ratification of Climate Treaties","RUS",2004,5,"Other","International Co-operation",2,2,0,1,1,"OECD",NA,NA,NA,NA,NA,"jump"
"97","Cross_sectoral","RDD_Renewables","GBR",2005,4,"MBI","Other MBI",2,2,0,1,1,"OECD",NA,NA,NA,NA,NA,"jump"
"98","Cross_sectoral","RDD_Renewables","CAN",2005,5,"MBI","Other MBI",2,0,0,1,0,"OECD",NA,NA,NA,NA,NA,"jump"
"99","Cross_sectoral","RDD_Renewables","DEU",2005,5,"MBI","Other MBI",2,1,0,1,0,"OECD",NA,NA,NA,NA,NA,"jump"
"100","Cross_sectoral","RDD_Renewables","FRA",2005,5,"MBI","Other MBI",1,2,0,0,1,"OECD",NA,NA,NA,NA,NA,"slow_increase"
"101","Electricity","AirEmissionStandards","NLD",2005,6,"NMBI","Performance Standards",3,3,0,1,1,"OECD","Air pollution standard","Air pollution standard","Air pollution standard","Non-market","Regulation","jump"
"102","Electricity","AirEmissionStandards","AUS",2005,5,"NMBI","Performance Standards",3,3,0,1,1,"OECD","Air pollution standard","Air pollution standard","Air pollution standard","Non-market","Regulation","jump"
"103","Electricity","AirEmissionStandards","KOR",2005,7,"NMBI","Performance Standards",4,4,0,1,1,"OECD","Air pollution standard","Air pollution standard","Air pollution standard","Non-market","Regulation","jump"
"104","Electricity","ETS Electricity","GBR",2005,6,"MBI","Carbon Pricing",6,6,1,1,1,"OECD","Emission trading scheme","Emission trading scheme","Taxation","Market","Pricing","jump"
"105","Electricity","ETS Electricity","FIN",2005,6,"MBI","Carbon Pricing",6,6,1,1,1,"OECD","Emission trading scheme","Emission trading scheme","Taxation","Market","Pricing","jump"
"106","Electricity","ETS Electricity","ESP",2005,6,"MBI","Carbon Pricing",6,6,1,1,1,"OECD","Emission trading scheme","Emission trading scheme","Taxation","Market","Pricing","jump"
"107","Electricity","ETS Electricity","BEL",2005,6,"MBI","Carbon Pricing",6,6,1,1,1,"OECD","Emission trading scheme","Emission trading scheme","Taxation","Market","Pricing","jump"
"108","Electricity","ETS Electricity","NLD",2005,6,"MBI","Carbon Pricing",6,6,1,1,1,"OECD","Emission trading scheme","Emission trading scheme","Taxation","Market","Pricing","jump"
"109","Electricity","ETS Electricity","ITA",2005,6,"MBI","Carbon Pricing",6,6,1,1,1,"OECD","Emission trading scheme","Emission trading scheme","Taxation","Market","Pricing","jump"
"110","Electricity","ETS Electricity","AUT",2005,6,"MBI","Carbon Pricing",6,6,1,1,1,"OECD","Emission trading scheme","Emission trading scheme","Taxation","Market","Pricing","jump"
"111","Electricity","ETS Electricity","SWE",2005,6,"MBI","Carbon Pricing",6,6,1,1,1,"OECD","Emission trading scheme","Emission trading scheme","Taxation","Market","Pricing","jump"
"112","Electricity","ETS Electricity","DEU",2005,6,"MBI","Carbon Pricing",6,6,1,1,1,"OECD","Emission trading scheme","Emission trading scheme","Taxation","Market","Pricing","jump"
"113","Electricity","ETS Electricity","FRA",2005,6,"MBI","Carbon Pricing",6,6,1,1,1,"OECD","Emission trading scheme","Emission trading scheme","Taxation","Market","Pricing","jump"
"114","Electricity","ETS Electricity","DNK",2005,6,"MBI","Carbon Pricing",6,6,1,1,1,"OECD","Emission trading scheme","Emission trading scheme","Taxation","Market","Pricing","jump"
"115","Electricity","ETS Electricity","NOR",2005,3,"MBI","Carbon Pricing",3,3,1,1,1,"OECD","Emission trading scheme","Emission trading scheme","Taxation","Market","Pricing","jump"
"116","Electricity","Feed-In-Tariffs","ITA",2005,3,"MBI","Subsidy",3,3,0,1,1,"OECD","Renewable feed in tariff","Renewable feed in tariff","Renewable subsidy","Market","Subsidy","jump"
"117","Electricity","Feed-In-Tariffs","CHE",2005,7,"MBI","Subsidy",7,7,1,1,1,"OECD","Renewable feed in tariff","Renewable feed in tariff","Renewable subsidy","Market","Subsidy","jump"
"118","International","Ratification of Climate Treaties","RUS",2005,7,"Other","International Co-operation",2,4,0,1,0,"OECD",NA,NA,NA,NA,NA,"jump"
"119","Cross_sectoral","RDD_Otherstorage","JPN",2006,6,"MBI","Other MBI",2,1,0,1,0,"OECD",NA,NA,NA,NA,NA,"jump"
"120","Cross_sectoral","RDD_Otherstorage","KOR",2006,7,"MBI","Other MBI",3,-1,0,1,0,"OECD",NA,NA,NA,NA,NA,"jump"
"121","Cross_sectoral","RDD_Otherstorage","DNK",2006,5,"MBI","Other MBI",3,1,0,1,0,"OECD",NA,NA,NA,NA,NA,"jump"
"122","Cross_sectoral","RDD_Renewables","SWE",2006,9,"MBI","Other MBI",3,0,0,1,0,"OECD",NA,NA,NA,NA,NA,"jump"
"123","Cross_sectoral","RDD_Renewables","FIN",2006,10,"MBI","Other MBI",2,1,0,1,0,"OECD",NA,NA,NA,NA,NA,"jump"
"124","Cross_sectoral","RDD_Renewables","FRA",2006,6,"MBI","Other MBI",1,2,0,0,1,"OECD",NA,NA,NA,NA,NA,"slow_increase"
"125","Electricity","AirEmissionStandards","ITA",2006,5,"NMBI","Performance Standards",3,3,0,1,1,"OECD","Air pollution standard","Air pollution standard","Air pollution standard","Non-market","Regulation","jump"
"126","Electricity","AirEmissionStandards","AUS",2006,7,"NMBI","Performance Standards",2,5,0,1,0,"OECD","Air pollution standard","Air pollution standard","Air pollution standard","Non-market","Regulation","jump"
"127","Electricity","ETS Electricity","ITA",2006,8,"MBI","Carbon Pricing",2,8,0,1,0,"OECD","Emission trading scheme","Emission trading scheme","Taxation","Market","Pricing","jump"
"128","Electricity","ETS Electricity","ESP",2006,8,"MBI","Carbon Pricing",2,8,0,1,0,"OECD","Emission trading scheme","Emission trading scheme","Taxation","Market","Pricing","jump"
"129","Electricity","ETS Electricity","DNK",2006,8,"MBI","Carbon Pricing",2,8,0,1,0,"OECD","Emission trading scheme","Emission trading scheme","Taxation","Market","Pricing","jump"
"130","Electricity","ETS Electricity","SWE",2006,8,"MBI","Carbon Pricing",2,8,0,1,0,"OECD","Emission trading scheme","Emission trading scheme","Taxation","Market","Pricing","jump"
"131","Electricity","ETS Electricity","AUT",2006,8,"MBI","Carbon Pricing",2,8,0,1,0,"OECD","Emission trading scheme","Emission trading scheme","Taxation","Market","Pricing","jump"
"132","Electricity","ETS Electricity","BEL",2006,8,"MBI","Carbon Pricing",2,8,0,1,0,"OECD","Emission trading scheme","Emission trading scheme","Taxation","Market","Pricing","jump"
"133","Electricity","ETS Electricity","DEU",2006,8,"MBI","Carbon Pricing",2,8,0,1,0,"OECD","Emission trading scheme","Emission trading scheme","Taxation","Market","Pricing","jump"
"134","Electricity","ETS Electricity","FRA",2006,8,"MBI","Carbon Pricing",2,8,0,1,0,"OECD","Emission trading scheme","Emission trading scheme","Taxation","Market","Pricing","jump"
"135","Electricity","ETS Electricity","GBR",2006,8,"MBI","Carbon Pricing",2,8,0,1,0,"OECD","Emission trading scheme","Emission trading scheme","Taxation","Market","Pricing","jump"
"136","Electricity","ETS Electricity","NLD",2006,8,"MBI","Carbon Pricing",2,8,0,1,0,"OECD","Emission trading scheme","Emission trading scheme","Taxation","Market","Pricing","jump"
"137","Electricity","ETS Electricity","FIN",2006,8,"MBI","Carbon Pricing",2,8,0,1,0,"OECD","Emission trading scheme","Emission trading scheme","Taxation","Market","Pricing","jump"
"138","Electricity","Feed-In-Tariffs","FRA",2006,5,"MBI","Subsidy",2,2,0,1,1,"OECD","Renewable feed in tariff","Renewable feed in tariff","Renewable subsidy","Market","Subsidy","jump"
"139","Electricity","Feed-In-Tariffs","USA",2006,2,"MBI","Subsidy",2,2,1,1,1,"OECD","Renewable feed in tariff","Renewable feed in tariff","Renewable subsidy","Market","Subsidy","jump"
"140","Electricity","Feed-In-Tariffs","CAN",2006,5,"MBI","Subsidy",5,5,1,1,1,"OECD","Renewable feed in tariff","Renewable feed in tariff","Renewable subsidy","Market","Subsidy","jump"
"141","Electricity","Renewable energy certificates","SWE",2006,8,"MBI","Subsidy",1,2,0,0,1,"OECD","Renewable portfolio standard","Renewable portfolio standard","Renewable portfolio standard","Non-market","Regulation","jump"
"142","Cross_sectoral","Methane Policies","AUS",2007,2,"NMBI","Other NMBI",2,2,1,1,1,"OECD",NA,NA,NA,NA,NA,"jump"
"143","Cross_sectoral","Methane Policies","NLD",2007,2,"NMBI","Other NMBI",2,2,1,1,1,"OECD",NA,NA,NA,NA,NA,"jump"
"144","Cross_sectoral","RDD_Otherstorage","ESP",2007,2,"MBI","Other MBI",2,2,0,1,1,"OECD",NA,NA,NA,NA,NA,"jump"
"145","Cross_sectoral","RDD_Otherstorage","FRA",2007,4,"MBI","Other MBI",2,2,0,1,1,"OECD",NA,NA,NA,NA,NA,"slow_increase"
"146","Cross_sectoral","RDD_Renewables","AUS",2007,6,"MBI","Other MBI",1,2,0,0,1,"OECD",NA,NA,NA,NA,NA,"jump"
"147","Cross_sectoral","RDD_Renewables","FRA",2007,7,"MBI","Other MBI",1,2,0,0,1,"OECD",NA,NA,NA,NA,NA,"jump"
"148","Cross_sectoral","RDD_Renewables","GBR",2007,6,"MBI","Other MBI",1,2,0,0,1,"OECD",NA,NA,NA,NA,NA,"jump"
"149","Cross_sectoral","RDD_Renewables","NOR",2007,5,"MBI","Other MBI",2,3,0,1,1,"OECD",NA,NA,NA,NA,NA,"jump"
"150","Cross_sectoral","RDD_Renewables","ITA",2007,5,"MBI","Other MBI",2,0,0,1,0,"OECD",NA,NA,NA,NA,NA,"jump"
"151","Cross_sectoral","RDD_Renewables","USA",2007,5,"MBI","Other MBI",3,2,0,1,1,"OECD",NA,NA,NA,NA,NA,"jump"
"152","Electricity","AirEmissionStandards","CHE",2007,6,"NMBI","Performance Standards",2,2,0,1,1,"OECD","Air pollution standard","Air pollution standard","Air pollution standard","Non-market","Regulation","jump"
"153","Electricity","AirEmissionStandards","CAN",2007,10,"NMBI","Performance Standards",3,3,0,1,1,"OECD","Air pollution standard","Air pollution standard","Air pollution standard","Non-market","Regulation","jump"
"154","Electricity","Carbon Tax Electricity","CAN",2007,1,"MBI","Carbon Pricing",1,1,1,0,0,"OECD","Carbon tax","Carbon tax","Taxation","Market","Pricing","jump"
"155","Electricity","ETS Electricity","CAN",2007,6,"MBI","Carbon Pricing",6,6,1,1,1,"OECD","Emission trading scheme","Emission trading scheme","Taxation","Market","Pricing","jump"
"156","Electricity","Renewable energy certificates","CAN",2007,1,"MBI","Subsidy",1,1,1,0,0,"OECD","Renewable portfolio standard","Renewable portfolio standard","Renewable portfolio standard","Non-market","Regulation","jump"
"157","Electricity","Renewable energy certificates","SWE",2007,9,"MBI","Subsidy",1,2,0,0,1,"OECD","Renewable portfolio standard","Renewable portfolio standard","Renewable portfolio standard","Non-market","Regulation","slow_increase"
"158","International","Ratification of Climate Treaties","AUS",2007,7,"Other","International Co-operation",2,2,0,1,1,"OECD",NA,NA,NA,NA,NA,"jump"
"159","Cross_sectoral","Methane Policies","CHN",2008,6,"NMBI","Other NMBI",6,6,1,1,1,"OECD",NA,NA,NA,NA,NA,"jump"
"160","Cross_sectoral","Methane Policies","AUS",2008,4,"NMBI","Other NMBI",2,4,0,1,0,"OECD",NA,NA,NA,NA,NA,"jump"
"161","Cross_sectoral","RDD_Otherstorage","FRA",2008,6,"MBI","Other MBI",2,4,0,1,0,"OECD",NA,NA,NA,NA,NA,"jump"
"162","Cross_sectoral","RDD_Otherstorage","KOR",2008,8,"MBI","Other MBI",2,1,0,1,0,"OECD",NA,NA,NA,NA,NA,"jump"
"163","Cross_sectoral","RDD_Otherstorage","AUT",2008,5,"MBI","Other MBI",2,1,0,1,0,"OECD",NA,NA,NA,NA,NA,"jump"
"164","Cross_sectoral","RDD_Renewables","AUT",2008,8,"MBI","Other MBI",2,2,0,1,1,"OECD",NA,NA,NA,NA,NA,"jump"
"165","Electricity","Auction","USA",2008,4,"MBI","Subsidy",4,4,1,1,1,"OECD","Renewable auction","Renewable auction","Renewable subsidy","Market","Subsidy","jump"
"166","Electricity","ETS Electricity","FIN",2008,8,"MBI","Carbon Pricing",4,0,0,1,0,"OECD","Emission trading scheme","Emission trading scheme","Taxation","Market","Pricing","jump"
"167","Electricity","ETS Electricity","SWE",2008,8,"MBI","Carbon Pricing",4,0,0,1,0,"OECD","Emission trading scheme","Emission trading scheme","Taxation","Market","Pricing","jump"
"168","Electricity","ETS Electricity","GBR",2008,8,"MBI","Carbon Pricing",4,0,0,1,0,"OECD","Emission trading scheme","Emission trading scheme","Taxation","Market","Pricing","jump"
"169","Electricity","ETS Electricity","DNK",2008,8,"MBI","Carbon Pricing",4,0,0,1,0,"OECD","Emission trading scheme","Emission trading scheme","Taxation","Market","Pricing","jump"
"170","Electricity","ETS Electricity","FRA",2008,8,"MBI","Carbon Pricing",4,0,0,1,0,"OECD","Emission trading scheme","Emission trading scheme","Taxation","Market","Pricing","jump"
"171","Electricity","ETS Electricity","BEL",2008,8,"MBI","Carbon Pricing",4,0,0,1,0,"OECD","Emission trading scheme","Emission trading scheme","Taxation","Market","Pricing","jump"
"172","Electricity","ETS Electricity","ITA",2008,8,"MBI","Carbon Pricing",4,0,0,1,0,"OECD","Emission trading scheme","Emission trading scheme","Taxation","Market","Pricing","jump"
"173","Electricity","ETS Electricity","AUT",2008,8,"MBI","Carbon Pricing",4,0,0,1,0,"OECD","Emission trading scheme","Emission trading scheme","Taxation","Market","Pricing","jump"
"174","Electricity","ETS Electricity","NLD",2008,8,"MBI","Carbon Pricing",4,0,0,1,0,"OECD","Emission trading scheme","Emission trading scheme","Taxation","Market","Pricing","jump"
"175","Electricity","ETS Electricity","NOR",2008,8,"MBI","Carbon Pricing",5,5,0,1,1,"OECD","Emission trading scheme","Emission trading scheme","Taxation","Market","Pricing","jump"
"176","Electricity","ETS Electricity","DEU",2008,8,"MBI","Carbon Pricing",4,0,0,1,0,"OECD","Emission trading scheme","Emission trading scheme","Taxation","Market","Pricing","jump"
"177","Electricity","ETS Electricity","ESP",2008,8,"MBI","Carbon Pricing",4,0,0,1,0,"OECD","Emission trading scheme","Emission trading scheme","Taxation","Market","Pricing","jump"
"178","Electricity","Feed-In-Tariffs","AUS",2008,2,"MBI","Subsidy",2,2,1,1,1,"OECD","Renewable feed in tariff","Renewable feed in tariff","Renewable subsidy","Market","Subsidy","jump"
"179","Electricity","Feed-In-Tariffs","NLD",2008,5,"MBI","Subsidy",2,2,0,1,1,"OECD","Renewable feed in tariff","Renewable feed in tariff","Renewable subsidy","Market","Subsidy","jump"
"180","Cross_sectoral","Methane Policies","USA",2009,6,"NMBI","Other NMBI",2,2,0,1,1,"OECD",NA,NA,NA,NA,NA,"jump"
"181","Cross_sectoral","RDD_Otherstorage","CAN",2009,8,"MBI","Other MBI",4,5,0,1,1,"OECD",NA,NA,NA,NA,NA,"jump"
"182","Cross_sectoral","RDD_Otherstorage","DEU",2009,3,"MBI","Other MBI",2,1,0,1,0,"OECD",NA,NA,NA,NA,NA,"jump"
"183","Cross_sectoral","RDD_Otherstorage","SWE",2009,7,"MBI","Other MBI",2,2,0,1,1,"OECD",NA,NA,NA,NA,NA,"jump"
"184","Cross_sectoral","RDD_Otherstorage","DNK",2009,10,"MBI","Other MBI",4,4,0,1,1,"OECD",NA,NA,NA,NA,NA,"jump"
"185","Cross_sectoral","RDD_Otherstorage","FRA",2009,8,"MBI","Other MBI",2,4,0,1,0,"OECD",NA,NA,NA,NA,NA,"jump"
"186","Cross_sectoral","RDD_Otherstorage","NOR",2009,8,"MBI","Other MBI",5,3,0,1,1,"OECD",NA,NA,NA,NA,NA,"jump"
"187","Cross_sectoral","RDD_Otherstorage","USA",2009,9,"MBI","Other MBI",6,6,0,1,1,"OECD",NA,NA,NA,NA,NA,"jump"
"188","Cross_sectoral","RDD_Renewables","GBR",2009,7,"MBI","Other MBI",3,1,0,1,0,"OECD",NA,NA,NA,NA,NA,"jump"
"189","Cross_sectoral","RDD_Renewables","SWE",2009,10,"MBI","Other MBI",2,2,0,1,1,"OECD",NA,NA,NA,NA,NA,"jump"
"190","Cross_sectoral","RDD_Renewables","AUS",2009,7,"MBI","Other MBI",2,1,0,1,0,"OECD",NA,NA,NA,NA,NA,"jump"
"191","Cross_sectoral","RDD_Renewables","CAN",2009,9,"MBI","Other MBI",2,3,0,1,1,"OECD",NA,NA,NA,NA,NA,"jump"
"192","Cross_sectoral","RDD_Renewables","ESP",2009,7,"MBI","Other MBI",2,3,0,1,1,"OECD",NA,NA,NA,NA,NA,"jump"
"193","Cross_sectoral","RDD_Renewables","KOR",2009,9,"MBI","Other MBI",1,2,0,0,1,"OECD",NA,NA,NA,NA,NA,"jump"
"194","Cross_sectoral","RDD_Renewables","USA",2009,10,"MBI","Other MBI",6,5,0,1,1,"OECD",NA,NA,NA,NA,NA,"jump"
"195","Cross_sectoral","RDD_Renewables","DEU",2009,8,"MBI","Other MBI",2,3,0,1,1,"OECD",NA,NA,NA,NA,NA,"jump"
"196","Cross_sectoral","RDD_Renewables","FRA",2009,9,"MBI","Other MBI",2,2,0,1,1,"OECD",NA,NA,NA,NA,NA,"jump"
"197","Cross_sectoral","RDD_Renewables","NOR",2009,10,"MBI","Other MBI",5,5,0,1,1,"OECD",NA,NA,NA,NA,NA,"jump"
"198","Electricity","ETS Electricity","USA",2009,4,"MBI","Carbon Pricing",4,4,1,1,1,"OECD","Emission trading scheme","Emission trading scheme","Taxation","Market","Pricing","jump"
"199","Electricity","Feed-In-Tariffs","DNK",2009,3,"MBI","Subsidy",3,3,0,1,1,"OECD","Renewable feed in tariff","Renewable feed in tariff","Renewable subsidy","Market","Subsidy","jump"
"200","Electricity","Feed-In-Tariffs","ISR",2009,7,"MBI","Subsidy",7,7,1,1,1,"OECD","Renewable feed in tariff","Renewable feed in tariff","Renewable subsidy","Market","Subsidy","jump"
"201","Electricity","Feed-In-Tariffs","CHN",2009,3,"MBI","Subsidy",3,3,1,1,1,"OECD","Renewable feed in tariff","Renewable feed in tariff","Renewable subsidy","Market","Subsidy","jump"
"202","Electricity","Renewable energy certificates","IND",2009,3,"MBI","Subsidy",3,3,1,1,1,"OECD","Renewable portfolio standard","Renewable portfolio standard","Renewable portfolio standard","Non-market","Regulation","jump"
"203","Cross_sectoral","RDD_Otherstorage","ITA",2010,8,"MBI","Other MBI",5,0,0,1,0,"OECD",NA,NA,NA,NA,NA,"jump"
"204","Cross_sectoral","RDD_Otherstorage","ESP",2010,4,"MBI","Other MBI",1,2,0,0,1,"OECD",NA,NA,NA,NA,NA,"slow_increase"
"205","Cross_sectoral","RDD_Otherstorage","AUT",2010,9,"MBI","Other MBI",3,4,0,1,1,"OECD",NA,NA,NA,NA,NA,"jump"
"206","Cross_sectoral","RDD_Renewables","GBR",2010,9,"MBI","Other MBI",2,5,0,1,0,"OECD",NA,NA,NA,NA,NA,"jump"
"207","Cross_sectoral","RDD_Renewables","KOR",2010,10,"MBI","Other MBI",1,2,0,0,1,"OECD",NA,NA,NA,NA,NA,"slow_increase"
"208","Cross_sectoral","RDD_Renewables","ITA",2010,7,"MBI","Other MBI",2,1,0,1,0,"OECD",NA,NA,NA,NA,NA,"jump"
"209","Cross_sectoral","RDD_Renewables","NLD",2010,10,"MBI","Other MBI",1,2,0,0,1,"OECD",NA,NA,NA,NA,NA,"jump"
"210","Electricity","Auction","IND",2010,3,"MBI","Subsidy",3,3,1,1,1,"OECD","Renewable auction","Renewable auction","Renewable subsidy","Market","Subsidy","jump"
"211","Electricity","Feed-In-Tariffs","USA",2010,5,"MBI","Subsidy",2,3,0,1,1,"OECD","Renewable feed in tariff","Renewable feed in tariff","Renewable subsidy","Market","Subsidy","jump"
"212","Electricity","Feed-In-Tariffs","JPN",2010,3,"MBI","Subsidy",3,3,1,1,1,"OECD","Renewable feed in tariff","Renewable feed in tariff","Renewable subsidy","Market","Subsidy","jump"
"213","Electricity","Feed-In-Tariffs","CAN",2010,7,"MBI","Subsidy",1,2,0,0,1,"OECD","Renewable feed in tariff","Renewable feed in tariff","Renewable subsidy","Market","Subsidy","jump"
"214","Electricity","Feed-In-Tariffs","GBR",2010,6,"MBI","Subsidy",6,6,1,1,1,"OECD","Renewable feed in tariff","Renewable feed in tariff","Renewable subsidy","Market","Subsidy","jump"
"215","Electricity","Renewable energy certificates","GBR",2010,8,"MBI","Subsidy",1,2,0,0,1,"OECD","Renewable portfolio standard","Renewable portfolio standard","Renewable portfolio standard","Non-market","Regulation","jump"
"216","Electricity","Renewable energy certificates","BEL",2010,5,"MBI","Subsidy",2,2,0,1,1,"OECD","Renewable portfolio standard","Renewable portfolio standard","Renewable portfolio standard","Non-market","Regulation","jump"
"217","International","Ratification of Climate Treaties","CHN",2010,7,"Other","International Co-operation",2,2,0,1,1,"OECD",NA,NA,NA,NA,NA,"jump"
"218","Cross_sectoral","RDD_Otherstorage","BEL",2011,8,"MBI","Other MBI",8,0,0,1,0,"OECD",NA,NA,NA,NA,NA,"jump"
"219","Cross_sectoral","RDD_Otherstorage","DEU",2011,5,"MBI","Other MBI",1,2,0,0,1,"OECD",NA,NA,NA,NA,NA,"jump"
"220","Cross_sectoral","RDD_Otherstorage","ESP",2011,9,"MBI","Other MBI",5,6,0,1,1,"OECD",NA,NA,NA,NA,NA,"slow_increase"
"221","Cross_sectoral","RDD_Otherstorage","NLD",2011,6,"MBI","Other MBI",3,1,0,1,0,"OECD",NA,NA,NA,NA,NA,"jump"
"222","Cross_sectoral","RDD_Renewables","AUS",2011,10,"MBI","Other MBI",2,3,0,1,1,"OECD",NA,NA,NA,NA,NA,"jump"
"223","Cross_sectoral","RDD_Renewables","ESP",2011,10,"MBI","Other MBI",2,3,0,1,1,"OECD",NA,NA,NA,NA,NA,"jump"
"224","Cross_sectoral","RDD_Renewables","BEL",2011,6,"MBI","Other MBI",6,0,0,1,0,"OECD",NA,NA,NA,NA,NA,"jump"
"225","Cross_sectoral","RDD_Renewables","JPN",2011,10,"MBI","Other MBI",5,6,0,1,1,"OECD",NA,NA,NA,NA,NA,"jump"
"226","Electricity","AirEmissionStandards","FRA",2011,8,"NMBI","Performance Standards",3,3,0,1,1,"OECD","Air pollution standard","Air pollution standard","Air pollution standard","Non-market","Regulation","jump"
"227","Electricity","Carbon Tax Electricity","CAN",2011,3,"MBI","Carbon Pricing",1,2,0,0,1,"OECD","Carbon tax","Carbon tax","Taxation","Market","Pricing","jump"
"228","Electricity","ETS Electricity","CHE",2011,7,"MBI","Carbon Pricing",7,7,1,1,1,"OECD","Emission trading scheme","Emission trading scheme","Taxation","Market","Pricing","jump"
"229","Electricity","Excise Taxes Electricity","ISR",2011,8,"MBI","Carbon Pricing",4,4,0,1,1,"OECD","Fuel tax","Fuel tax","Taxation","Market","Pricing","jump"
"230","Electricity","Excise Taxes Electricity","SWE",2011,7,"MBI","Carbon Pricing",2,2,0,1,1,"OECD","Fuel tax","Fuel tax","Taxation","Market","Pricing","jump"
"231","Electricity","Feed-In-Tariffs","CHN",2011,5,"MBI","Subsidy",2,2,0,1,1,"OECD","Renewable feed in tariff","Renewable feed in tariff","Renewable subsidy","Market","Subsidy","jump"
"232","Electricity","Feed-In-Tariffs","FIN",2011,3,"MBI","Subsidy",3,3,1,1,1,"OECD","Renewable feed in tariff","Renewable feed in tariff","Renewable subsidy","Market","Subsidy","jump"
"233","Electricity","Feed-In-Tariffs","AUS",2011,4,"MBI","Subsidy",1,2,0,0,1,"OECD","Renewable feed in tariff","Renewable feed in tariff","Renewable subsidy","Market","Subsidy","jump"
"234","Electricity","Fossil Fuel Subsidies Electricity","SWE",2011,8,"MBI","Carbon Pricing",3,0,0,1,0,"OECD","Fossil fuel subsidy reform","Fossil fuel subsidy reform","Fossil fuel subsidy reform","Market","Pricing","jump"
"235","Electricity","PlanningRenewablesExpansion","ESP",2011,5,"NMBI","Other regulatory instruments",4,0,0,1,0,"OECD","Renewable expansion planning","Renewable expansion planning","Renewable planning","Non-market","Regulation","jump"
"236","Electricity","Renewable energy certificates","ITA",2011,6,"MBI","Subsidy",1,2,0,0,1,"OECD","Renewable portfolio standard","Renewable portfolio standard","Renewable portfolio standard","Non-market","Regulation","jump"
"237","Cross_sectoral","Methane Policies","USA",2012,9,"NMBI","Other NMBI",3,3,0,1,1,"OECD",NA,NA,NA,NA,NA,"jump"
"238","Cross_sectoral","RDD_Otherstorage","BEL",2012,10,"MBI","Other MBI",2,10,0,1,0,"OECD",NA,NA,NA,NA,NA,"jump"
"239","Cross_sectoral","RDD_Otherstorage","AUT",2012,10,"MBI","Other MBI",2,1,0,1,0,"OECD",NA,NA,NA,NA,NA,"jump"
"240","Cross_sectoral","RDD_Renewables","NLD",2012,10,"MBI","Other MBI",2,0,0,1,0,"OECD",NA,NA,NA,NA,NA,"jump"
"241","Electricity","AirEmissionStandards","CHN",2012,8,"NMBI","Performance Standards",6,6,0,1,1,"OECD","Air pollution standard","Air pollution standard","Air pollution standard","Non-market","Regulation","jump"
"242","Electricity","AirEmissionStandards","USA",2012,5,"NMBI","Performance Standards",2,2,0,1,1,"OECD","Air pollution standard","Air pollution standard","Air pollution standard","Non-market","Regulation","jump"
"243","Electricity","Carbon Tax Electricity","JPN",2012,5,"MBI","Carbon Pricing",5,5,1,1,1,"OECD","Carbon tax","Carbon tax","Taxation","Market","Pricing","jump"
"244","Electricity","Carbon Tax Electricity","CAN",2012,4,"MBI","Carbon Pricing",1,2,0,0,1,"OECD","Carbon tax","Carbon tax","Taxation","Market","Pricing","slow_increase"
"245","Electricity","ETS Electricity","USA",2012,6,"MBI","Carbon Pricing",2,2,0,1,1,"OECD","Emission trading scheme","Emission trading scheme","Taxation","Market","Pricing","jump"
"246","Electricity","ETS Electricity","AUS",2012,9,"MBI","Carbon Pricing",9,9,1,1,1,"OECD","Emission trading scheme","Emission trading scheme","Taxation","Market","Pricing","jump"
"247","Electricity","Feed-In-Tariffs","JPN",2012,8,"MBI","Subsidy",4,5,0,1,1,"OECD","Renewable feed in tariff","Renewable feed in tariff","Renewable subsidy","Market","Subsidy","jump"
"248","Electricity","Fossil Fuel Subsidies Electricity","ITA",2012,4,"MBI","Carbon Pricing",4,4,1,1,1,"OECD","Fossil fuel subsidy reform","Fossil fuel subsidy reform","Fossil fuel subsidy reform","Market","Pricing","jump"
"249","Electricity","Fossil Fuel Subsidies Electricity","GBR",2012,8,"MBI","Carbon Pricing",8,8,1,1,1,"OECD","Fossil fuel subsidy reform","Fossil fuel subsidy reform","Fossil fuel subsidy reform","Market","Pricing","jump"
"250","Electricity","Fossil Fuel Subsidies Electricity","DNK",2012,5,"MBI","Carbon Pricing",2,2,0,1,1,"OECD","Fossil fuel subsidy reform","Fossil fuel subsidy reform","Fossil fuel subsidy reform","Market","Pricing","jump"
"251","Electricity","PlanningRenewablesExpansion","IND",2012,4,"NMBI","Other regulatory instruments",4,4,1,1,1,"OECD","Renewable expansion planning","Renewable expansion planning","Renewable planning","Non-market","Regulation","jump"
"252","Electricity","PlanningRenewablesExpansion","GBR",2012,4,"NMBI","Other regulatory instruments",2,3,0,1,1,"OECD","Renewable expansion planning","Renewable expansion planning","Renewable planning","Non-market","Regulation","jump"
"253","Electricity","PlanningRenewablesExpansion","KOR",2012,7,"NMBI","Other regulatory instruments",5,5,0,1,1,"OECD","Renewable expansion planning","Renewable expansion planning","Renewable planning","Non-market","Regulation","jump"
"254","Electricity","Renewable energy certificates","AUS",2012,7,"MBI","Subsidy",2,2,0,1,1,"OECD","Renewable portfolio standard","Renewable portfolio standard","Renewable portfolio standard","Non-market","Regulation","jump"
"255","Electricity","Renewable energy certificates","NOR",2012,4,"MBI","Subsidy",4,4,1,1,1,"OECD","Renewable portfolio standard","Renewable portfolio standard","Renewable portfolio standard","Non-market","Regulation","jump"
"256","Electricity","Renewable energy certificates","KOR",2012,3,"MBI","Subsidy",3,3,1,1,1,"OECD","Renewable portfolio standard","Renewable portfolio standard","Renewable portfolio standard","Non-market","Regulation","jump"
"257","Cross_sectoral","RDD_Otherstorage","AUS",2013,5,"MBI","Other MBI",1,2,0,0,1,"OECD",NA,NA,NA,NA,NA,"jump"
"258","Cross_sectoral","RDD_Otherstorage","DEU",2013,6,"MBI","Other MBI",2,1,0,1,0,"OECD",NA,NA,NA,NA,NA,"jump"
"259","Cross_sectoral","RDD_Otherstorage","FRA",2013,7,"MBI","Other MBI",1,2,0,0,1,"OECD",NA,NA,NA,NA,NA,"jump"
"260","Electricity","AirEmissionStandards","NLD",2013,8,"NMBI","Performance Standards",2,2,0,1,1,"OECD","Air pollution standard","Air pollution standard","Air pollution standard","Non-market","Regulation","jump"
"261","Electricity","AirEmissionStandards","GBR",2013,8,"NMBI","Performance Standards",3,3,0,1,1,"OECD","Air pollution standard","Air pollution standard","Air pollution standard","Non-market","Regulation","jump"
"262","Electricity","AirEmissionStandards","AUT",2013,8,"NMBI","Performance Standards",4,4,0,1,1,"OECD","Air pollution standard","Air pollution standard","Air pollution standard","Non-market","Regulation","jump"
"263","Electricity","AirEmissionStandards","ITA",2013,8,"NMBI","Performance Standards",3,3,0,1,1,"OECD","Air pollution standard","Air pollution standard","Air pollution standard","Non-market","Regulation","jump"
"264","Electricity","AirEmissionStandards","ESP",2013,8,"NMBI","Performance Standards",3,3,0,1,1,"OECD","Air pollution standard","Air pollution standard","Air pollution standard","Non-market","Regulation","jump"
"265","Electricity","AirEmissionStandards","DNK",2013,8,"NMBI","Performance Standards",3,3,0,1,1,"OECD","Air pollution standard","Air pollution standard","Air pollution standard","Non-market","Regulation","jump"
"266","Electricity","AirEmissionStandards","SWE",2013,8,"NMBI","Performance Standards",3,3,0,1,1,"OECD","Air pollution standard","Air pollution standard","Air pollution standard","Non-market","Regulation","jump"
"267","Electricity","AirEmissionStandards","DEU",2013,8,"NMBI","Performance Standards",2,2,0,1,1,"OECD","Air pollution standard","Air pollution standard","Air pollution standard","Non-market","Regulation","jump"
"268","Electricity","Feed-In-Tariffs","ITA",2013,8,"MBI","Subsidy",4,4,0,1,1,"OECD","Renewable feed in tariff","Renewable feed in tariff","Renewable subsidy","Market","Subsidy","jump"
"269","Electricity","Fossil Fuel Subsidies Electricity","ITA",2013,7,"MBI","Carbon Pricing",3,7,0,1,0,"OECD","Fossil fuel subsidy reform","Fossil fuel subsidy reform","Fossil fuel subsidy reform","Market","Pricing","jump"
"270","Electricity","PlanningRenewablesExpansion","NLD",2013,2,"NMBI","Other regulatory instruments",2,2,1,1,1,"OECD","Renewable expansion planning","Renewable expansion planning","Renewable planning","Non-market","Regulation","jump"
"271","Electricity","Renewable energy certificates","GBR",2013,10,"MBI","Subsidy",1,2,0,0,1,"OECD","Renewable portfolio standard","Renewable portfolio standard","Renewable portfolio standard","Non-market","Regulation","jump"
"272","Cross_sectoral","RDD_Otherstorage","CAN",2014,10,"MBI","Other MBI",1,2,0,0,1,"OECD",NA,NA,NA,NA,NA,"jump"
"273","Cross_sectoral","RDD_Otherstorage","CHE",2014,9,"MBI","Other MBI",3,3,0,1,1,"OECD",NA,NA,NA,NA,NA,"jump"
"274","Cross_sectoral","RDD_Otherstorage","ESP",2014,4,"MBI","Other MBI",4,0,0,1,0,"OECD",NA,NA,NA,NA,NA,"jump"
"275","Cross_sectoral","RDD_Otherstorage","USA",2014,5,"MBI","Other MBI",2,2,0,1,1,"OECD",NA,NA,NA,NA,NA,"jump"
"276","Electricity","ETS Electricity","CHE",2014,10,"MBI","Carbon Pricing",2,3,0,1,1,"OECD","Emission trading scheme","Emission trading scheme","Taxation","Market","Pricing","jump"
"277","Electricity","ETS Electricity","GBR",2014,7,"MBI","Carbon Pricing",1,2,0,0,1,"OECD","Emission trading scheme","Emission trading scheme","Taxation","Market","Pricing","jump"
"278","Electricity","ETS Electricity","CHN",2014,6,"MBI","Carbon Pricing",6,6,1,1,1,"OECD","Emission trading scheme","Emission trading scheme","Taxation","Market","Pricing","jump"
"279","Electricity","Feed-In-Tariffs","GBR",2014,7,"MBI","Subsidy",2,2,0,1,1,"OECD","Renewable feed in tariff","Renewable feed in tariff","Renewable subsidy","Market","Subsidy","jump"
"280","Electricity","PlanningRenewablesExpansion","CAN",2014,9,"NMBI","Other regulatory instruments",3,3,0,1,1,"OECD","Renewable expansion planning","Renewable expansion planning","Renewable planning","Non-market","Regulation","jump"
"281","Electricity","PlanningRenewablesExpansion","JPN",2014,5,"NMBI","Other regulatory instruments",3,3,0,1,1,"OECD","Renewable expansion planning","Renewable expansion planning","Renewable planning","Non-market","Regulation","jump"
"282","Electricity","PlanningRenewablesExpansion","AUT",2014,5,"NMBI","Other regulatory instruments",4,4,0,1,1,"OECD","Renewable expansion planning","Renewable expansion planning","Renewable planning","Non-market","Regulation","jump"
"283","Electricity","PlanningRenewablesExpansion","GBR",2014,9,"NMBI","Other regulatory instruments",5,5,0,1,1,"OECD","Renewable expansion planning","Renewable expansion planning","Renewable planning","Non-market","Regulation","jump"
"284","Electricity","PlanningRenewablesExpansion","FIN",2014,4,"NMBI","Other regulatory instruments",2,2,0,1,1,"OECD","Renewable expansion planning","Renewable expansion planning","Renewable planning","Non-market","Regulation","jump"
"285","Electricity","PlanningRenewablesExpansion","NLD",2014,7,"NMBI","Other regulatory instruments",5,7,0,1,0,"OECD","Renewable expansion planning","Renewable expansion planning","Renewable planning","Non-market","Regulation","jump"
"286","Electricity","Renewable energy certificates","NOR",2014,6,"MBI","Subsidy",1,2,0,0,1,"OECD","Renewable portfolio standard","Renewable portfolio standard","Renewable portfolio standard","Non-market","Regulation","jump"
"287","Cross_sectoral","RDD_Otherstorage","ESP",2015,6,"MBI","Other MBI",2,6,0,1,0,"OECD",NA,NA,NA,NA,NA,"jump"
"288","Cross_sectoral","RDD_Otherstorage","GBR",2015,6,"MBI","Other MBI",1,2,0,0,1,"OECD",NA,NA,NA,NA,NA,"jump"
"289","Cross_sectoral","RDD_Renewables","AUS",2015,9,"MBI","Other MBI",2,-1,0,1,0,"OECD",NA,NA,NA,NA,NA,"jump"
"290","Electricity","AirEmissionStandards","FIN",2015,8,"NMBI","Performance Standards",1,2,0,0,1,"OECD","Air pollution standard","Air pollution standard","Air pollution standard","Non-market","Regulation","jump"
"291","Electricity","Auction","FRA",2015,3,"MBI","Subsidy",3,3,1,1,1,"OECD","Renewable auction","Renewable auction","Renewable subsidy","Market","Subsidy","jump"
"292","Electricity","Auction","GBR",2015,5,"MBI","Subsidy",5,5,1,1,1,"OECD","Renewable auction","Renewable auction","Renewable subsidy","Market","Subsidy","jump"
"293","Electricity","Auction","DEU",2015,3,"MBI","Subsidy",3,3,0,1,1,"OECD","Renewable auction","Renewable auction","Renewable subsidy","Market","Subsidy","jump"
"294","Electricity","BanPhaseOutCoal","GBR",2015,2,"NMBI","Technology Standards",2,2,1,1,1,"OECD","Ban & phase out (coal plants)","Ban & phase out","Ban & phase out","Non-market","Regulation","jump"
"295","Electricity","ETS Electricity","GBR",2015,8,"MBI","Carbon Pricing",1,2,0,0,1,"OECD","Emission trading scheme","Emission trading scheme","Taxation","Market","Pricing","slow_increase"
"296","Electricity","ETS Electricity","KOR",2015,7,"MBI","Carbon Pricing",7,7,1,1,1,"OECD","Emission trading scheme","Emission trading scheme","Taxation","Market","Pricing","jump"
"297","Electricity","Feed-In-Tariffs","ITA",2015,10,"MBI","Subsidy",2,2,0,1,1,"OECD","Renewable feed in tariff","Renewable feed in tariff","Renewable subsidy","Market","Subsidy","jump"
"298","Electricity","PlanningRenewablesExpansion","DNK",2015,7,"NMBI","Other regulatory instruments",6,6,0,1,1,"OECD","Renewable expansion planning","Renewable expansion planning","Renewable planning","Non-market","Regulation","jump"
"299","Electricity","PlanningRenewablesExpansion","ESP",2015,9,"NMBI","Other regulatory instruments",4,4,0,1,1,"OECD","Renewable expansion planning","Renewable expansion planning","Renewable planning","Non-market","Regulation","jump"
"300","Electricity","Renewable energy certificates","NOR",2015,7,"MBI","Subsidy",1,2,0,0,1,"OECD","Renewable portfolio standard","Renewable portfolio standard","Renewable portfolio standard","Non-market","Regulation","slow_increase"
"301","Cross_sectoral","RDD_Otherstorage","GBR",2016,7,"MBI","Other MBI",1,2,0,0,1,"OECD",NA,NA,NA,NA,NA,"slow_increase"
"302","Cross_sectoral","RDD_Otherstorage","DEU",2016,8,"MBI","Other MBI",1,2,0,0,1,"OECD",NA,NA,NA,NA,NA,"jump"
"303","Cross_sectoral","RDD_Otherstorage","JPN",2016,8,"MBI","Other MBI",3,3,0,1,1,"OECD",NA,NA,NA,NA,NA,"jump"
"304","Cross_sectoral","RDD_Renewables","GBR",2016,7,"MBI","Other MBI",2,2,0,1,1,"OECD",NA,NA,NA,NA,NA,"jump"
"305","Electricity","AirEmissionStandards","IND",2016,8,"NMBI","Performance Standards",4,4,0,1,1,"OECD","Air pollution standard","Air pollution standard","Air pollution standard","Non-market","Regulation","jump"
"306","Electricity","AirEmissionStandards","USA",2016,9,"NMBI","Performance Standards",4,4,0,1,1,"OECD","Air pollution standard","Air pollution standard","Air pollution standard","Non-market","Regulation","jump"
"307","Electricity","Auction","DNK",2016,3,"MBI","Subsidy",3,3,1,1,1,"OECD","Renewable auction","Renewable auction","Renewable subsidy","Market","Subsidy","jump"
"308","Electricity","Auction","CHN",2016,3,"MBI","Subsidy",3,3,1,1,1,"OECD","Renewable auction","Renewable auction","Renewable subsidy","Market","Subsidy","jump"
"309","Electricity","Auction","CAN",2016,5,"MBI","Subsidy",5,5,1,1,1,"OECD","Renewable auction","Renewable auction","Renewable subsidy","Market","Subsidy","jump"
"310","Electricity","BanPhaseOutCoal","CAN",2016,1,"NMBI","Technology Standards",1,1,1,0,0,"OECD","Ban & phase out (coal plants)","Ban & phase out","Ban & phase out","Non-market","Regulation","jump"
"311","Electricity","BanPhaseOutCoal","FIN",2016,1,"NMBI","Technology Standards",1,1,1,0,0,"OECD","Ban & phase out (coal plants)","Ban & phase out","Ban & phase out","Non-market","Regulation","jump"
"312","Electricity","BanPhaseOutCoal","FRA",2016,2,"NMBI","Technology Standards",2,2,1,1,1,"OECD","Ban & phase out (coal plants)","Ban & phase out","Ban & phase out","Non-market","Regulation","jump"
"313","Electricity","BanPhaseOutCoal","AUT",2016,2,"NMBI","Technology Standards",2,2,1,1,1,"OECD","Ban & phase out (coal plants)","Ban & phase out","Ban & phase out","Non-market","Regulation","jump"
"314","Electricity","BanPhaseOutCoal","BEL",2016,4,"NMBI","Technology Standards",4,4,1,1,1,"OECD","Ban & phase out (coal plants)","Ban & phase out","Ban & phase out","Non-market","Regulation","jump"
"315","Electricity","Fossil Fuel Subsidies Electricity","NLD",2016,6,"MBI","Carbon Pricing",6,6,1,1,1,"OECD","Fossil fuel subsidy reform","Fossil fuel subsidy reform","Fossil fuel subsidy reform","Market","Pricing","jump"
"316","Electricity","PlanningRenewablesExpansion","CHN",2016,2,"NMBI","Other regulatory instruments",2,2,1,1,1,"OECD","Renewable expansion planning","Renewable expansion planning","Renewable planning","Non-market","Regulation","jump"
"317","Electricity","PlanningRenewablesExpansion","NOR",2016,9,"NMBI","Other regulatory instruments",3,4,0,1,1,"OECD","Renewable expansion planning","Renewable expansion planning","Renewable planning","Non-market","Regulation","jump"
"318","Electricity","PlanningRenewablesExpansion","SWE",2016,1,"NMBI","Other regulatory instruments",1,1,1,0,0,"OECD","Renewable expansion planning","Renewable expansion planning","Renewable planning","Non-market","Regulation","jump"
"319","Electricity","PlanningRenewablesExpansion","FIN",2016,6,"NMBI","Other regulatory instruments",2,2,0,1,1,"OECD","Renewable expansion planning","Renewable expansion planning","Renewable planning","Non-market","Regulation","jump"
"320","Electricity","Renewable energy certificates","NOR",2016,8,"MBI","Subsidy",1,2,0,0,1,"OECD","Renewable portfolio standard","Renewable portfolio standard","Renewable portfolio standard","Non-market","Regulation","slow_increase"
"321","International","Ratification of Climate Treaties","USA",2016,7,"Other","International Co-operation",2,2,0,1,1,"OECD",NA,NA,NA,NA,NA,"jump"
"322","International","Ratification of Climate Treaties","CAN",2016,7,"Other","International Co-operation",2,2,0,1,1,"OECD",NA,NA,NA,NA,NA,"jump"
"323","Cross_sectoral","Bans Phase Outs Fossil Fuel Extraction","FRA",2017,4,"NMBI","Technology Standards",4,4,1,1,1,"OECD",NA,NA,NA,NA,NA,"jump"
"324","Cross_sectoral","Methane Policies","ITA",2017,2,"NMBI","Other NMBI",2,2,1,1,1,"OECD",NA,NA,NA,NA,NA,"jump"
"325","Cross_sectoral","RDD_Otherstorage","NLD",2017,7,"MBI","Other MBI",3,1,0,1,0,"OECD",NA,NA,NA,NA,NA,"jump"
"326","Cross_sectoral","RDD_Otherstorage","BEL",2017,8,"MBI","Other MBI",1,2,0,0,1,"OECD",NA,NA,NA,NA,NA,"jump"
"327","Electricity","Auction","DEU",2017,4,"MBI","Subsidy",2,1,0,1,0,"OECD","Renewable auction","Renewable auction","Renewable subsidy","Market","Subsidy","jump"
"328","Electricity","Auction","IND",2017,5,"MBI","Subsidy",2,2,0,1,1,"OECD","Renewable auction","Renewable auction","Renewable subsidy","Market","Subsidy","jump"
"329","Electricity","Auction","NLD",2017,1,"MBI","Subsidy",1,1,1,0,0,"OECD","Renewable auction","Renewable auction","Renewable subsidy","Market","Subsidy","jump"
"330","Electricity","Auction","FRA",2017,3,"MBI","Subsidy",3,0,0,1,0,"OECD","Renewable auction","Renewable auction","Renewable subsidy","Market","Subsidy","jump"
"331","Electricity","Auction","KOR",2017,3,"MBI","Subsidy",3,3,1,1,1,"OECD","Renewable auction","Renewable auction","Renewable subsidy","Market","Subsidy","jump"
"332","Electricity","Auction","JPN",2017,3,"MBI","Subsidy",3,3,1,1,1,"OECD","Renewable auction","Renewable auction","Renewable subsidy","Market","Subsidy","jump"
"333","Electricity","BanPhaseOutCoal","CAN",2017,5,"NMBI","Technology Standards",4,5,0,1,0,"OECD","Ban & phase out (coal plants)","Ban & phase out","Ban & phase out","Non-market","Regulation","jump"
"334","Electricity","BanPhaseOutCoal","DNK",2017,5,"NMBI","Technology Standards",5,5,1,1,1,"OECD","Ban & phase out (coal plants)","Ban & phase out","Ban & phase out","Non-market","Regulation","jump"
"335","Electricity","BanPhaseOutCoal","ITA",2017,6,"NMBI","Technology Standards",6,6,1,1,1,"OECD","Ban & phase out (coal plants)","Ban & phase out","Ban & phase out","Non-market","Regulation","jump"
"336","Electricity","BanPhaseOutCoal","FIN",2017,5,"NMBI","Technology Standards",4,5,0,1,0,"OECD","Ban & phase out (coal plants)","Ban & phase out","Ban & phase out","Non-market","Regulation","jump"
"337","Electricity","BanPhaseOutCoal","GBR",2017,6,"NMBI","Technology Standards",4,4,0,1,1,"OECD","Ban & phase out (coal plants)","Ban & phase out","Ban & phase out","Non-market","Regulation","jump"
"338","Electricity","BanPhaseOutCoal","NLD",2017,5,"NMBI","Technology Standards",5,5,1,1,1,"OECD","Ban & phase out (coal plants)","Ban & phase out","Ban & phase out","Non-market","Regulation","jump"
"339","Electricity","BanPhaseOutCoal","FRA",2017,6,"NMBI","Technology Standards",4,6,0,1,0,"OECD","Ban & phase out (coal plants)","Ban & phase out","Ban & phase out","Non-market","Regulation","jump"
"340","Electricity","BanPhaseOutCoal","SWE",2017,6,"NMBI","Technology Standards",6,6,1,1,1,"OECD","Ban & phase out (coal plants)","Ban & phase out","Ban & phase out","Non-market","Regulation","jump"
"341","Electricity","BanPhaseOutCoal","BEL",2017,8,"NMBI","Technology Standards",4,8,0,1,0,"OECD","Ban & phase out (coal plants)","Ban & phase out","Ban & phase out","Non-market","Regulation","jump"
"342","Electricity","BanPhaseOutCoal","AUT",2017,6,"NMBI","Technology Standards",4,6,0,1,0,"OECD","Ban & phase out (coal plants)","Ban & phase out","Ban & phase out","Non-market","Regulation","jump"
"343","Electricity","BanPhaseOutCoal","CHE",2017,4,"NMBI","Technology Standards",4,4,1,1,1,"OECD","Ban & phase out (coal plants)","Ban & phase out","Ban & phase out","Non-market","Regulation","jump"
"344","Electricity","Carbon Tax Electricity","CAN",2017,5,"MBI","Carbon Pricing",3,3,0,1,1,"OECD","Carbon tax","Carbon tax","Taxation","Market","Pricing","jump"
"345","Electricity","ETS Electricity","CAN",2017,8,"MBI","Carbon Pricing",1,2,0,0,1,"OECD","Emission trading scheme","Emission trading scheme","Taxation","Market","Pricing","jump"
"346","Electricity","PlanningRenewablesExpansion","DEU",2017,6,"NMBI","Other regulatory instruments",2,2,0,1,1,"OECD","Renewable expansion planning","Renewable expansion planning","Renewable planning","Non-market","Regulation","jump"
"347","International","Ratification of Climate Treaties","AUS",2017,10,"Other","International Co-operation",2,3,0,1,1,"OECD",NA,NA,NA,NA,NA,"jump"
"348","International","Ratification of Climate Treaties","DEU",2017,10,"Other","International Co-operation",2,3,0,1,1,"OECD",NA,NA,NA,NA,NA,"jump"
"349","International","Ratification of Climate Treaties","GBR",2017,10,"Other","International Co-operation",2,3,0,1,1,"OECD",NA,NA,NA,NA,NA,"jump"
"350","International","Ratification of Climate Treaties","SWE",2017,10,"Other","International Co-operation",2,3,0,1,1,"OECD",NA,NA,NA,NA,NA,"jump"
"351","International","Ratification of Climate Treaties","NOR",2017,10,"Other","International Co-operation",2,3,0,1,1,"OECD",NA,NA,NA,NA,NA,"jump"
"352","International","Ratification of Climate Treaties","FIN",2017,10,"Other","International Co-operation",2,3,0,1,1,"OECD",NA,NA,NA,NA,NA,"jump"
"353","Cross_sectoral","Methane Policies","NLD",2018,4,"NMBI","Other NMBI",2,2,0,1,1,"OECD",NA,NA,NA,NA,NA,"jump"
"354","Cross_sectoral","RDD_Otherstorage","NOR",2018,10,"MBI","Other MBI",2,1,0,1,0,"OECD",NA,NA,NA,NA,NA,"jump"
"355","Cross_sectoral","RDD_Otherstorage","CAN",2018,10,"MBI","Other MBI",2,2,0,1,1,"OECD",NA,NA,NA,NA,NA,"jump"
"356","Cross_sectoral","RDD_Otherstorage","ESP",2018,5,"MBI","Other MBI",3,0,0,1,0,"OECD",NA,NA,NA,NA,NA,"jump"
"357","Cross_sectoral","RDD_Renewables","ESP",2018,6,"MBI","Other MBI",3,1,0,1,0,"OECD",NA,NA,NA,NA,NA,"jump"
"358","Electricity","AirEmissionStandards","CHE",2018,9,"NMBI","Performance Standards",3,3,0,1,1,"OECD","Air pollution standard","Air pollution standard","Air pollution standard","Non-market","Regulation","jump"
"359","Electricity","Auction","AUS",2018,1,"MBI","Subsidy",1,1,1,0,0,"OECD","Renewable auction","Renewable auction","Renewable subsidy","Market","Subsidy","jump"
"360","Electricity","Auction","CHN",2018,5,"MBI","Subsidy",5,2,0,1,1,"OECD","Renewable auction","Renewable auction","Renewable subsidy","Market","Subsidy","jump"
"361","Electricity","Auction","DNK",2018,2,"MBI","Subsidy",2,-1,0,1,0,"OECD","Renewable auction","Renewable auction","Renewable subsidy","Market","Subsidy","jump"
"362","Electricity","Auction","RUS",2018,3,"MBI","Subsidy",3,3,1,1,1,"OECD","Renewable auction","Renewable auction","Renewable subsidy","Market","Subsidy","jump"
"363","Electricity","Auction","FRA",2018,5,"MBI","Subsidy",2,5,0,1,0,"OECD","Renewable auction","Renewable auction","Renewable subsidy","Market","Subsidy","jump"
"364","Electricity","BanPhaseOutCoal","ESP",2018,1,"NMBI","Technology Standards",1,1,1,0,0,"OECD","Ban & phase out (coal plants)","Ban & phase out","Ban & phase out","Non-market","Regulation","jump"
"365","Electricity","BanPhaseOutCoal","ISR",2018,5,"NMBI","Technology Standards",5,5,1,1,1,"OECD","Ban & phase out (coal plants)","Ban & phase out","Ban & phase out","Non-market","Regulation","jump"
"366","Electricity","ETS Electricity","AUT",2018,7,"MBI","Carbon Pricing",2,2,0,1,1,"OECD","Emission trading scheme","Emission trading scheme","Taxation","Market","Pricing","jump"
"367","Electricity","ETS Electricity","BEL",2018,7,"MBI","Carbon Pricing",2,2,0,1,1,"OECD","Emission trading scheme","Emission trading scheme","Taxation","Market","Pricing","jump"
"368","Electricity","ETS Electricity","DEU",2018,7,"MBI","Carbon Pricing",2,2,0,1,1,"OECD","Emission trading scheme","Emission trading scheme","Taxation","Market","Pricing","jump"
"369","Electricity","ETS Electricity","DNK",2018,7,"MBI","Carbon Pricing",2,2,0,1,1,"OECD","Emission trading scheme","Emission trading scheme","Taxation","Market","Pricing","jump"
"370","Electricity","ETS Electricity","SWE",2018,7,"MBI","Carbon Pricing",2,2,0,1,1,"OECD","Emission trading scheme","Emission trading scheme","Taxation","Market","Pricing","jump"
"371","Electricity","ETS Electricity","ITA",2018,7,"MBI","Carbon Pricing",2,2,0,1,1,"OECD","Emission trading scheme","Emission trading scheme","Taxation","Market","Pricing","jump"
"372","Electricity","ETS Electricity","ESP",2018,7,"MBI","Carbon Pricing",2,2,0,1,1,"OECD","Emission trading scheme","Emission trading scheme","Taxation","Market","Pricing","jump"
"373","Electricity","ETS Electricity","FRA",2018,7,"MBI","Carbon Pricing",2,2,0,1,1,"OECD","Emission trading scheme","Emission trading scheme","Taxation","Market","Pricing","jump"
"374","Electricity","ETS Electricity","NOR",2018,7,"MBI","Carbon Pricing",2,2,0,1,1,"OECD","Emission trading scheme","Emission trading scheme","Taxation","Market","Pricing","jump"
"375","Electricity","ETS Electricity","NLD",2018,7,"MBI","Carbon Pricing",2,2,0,1,1,"OECD","Emission trading scheme","Emission trading scheme","Taxation","Market","Pricing","jump"
"376","Electricity","ETS Electricity","FIN",2018,7,"MBI","Carbon Pricing",2,2,0,1,1,"OECD","Emission trading scheme","Emission trading scheme","Taxation","Market","Pricing","jump"
"377","Electricity","Feed-In-Tariffs","USA",2018,4,"MBI","Subsidy",2,2,0,1,1,"OECD","Renewable feed in tariff","Renewable feed in tariff","Renewable subsidy","Market","Subsidy","jump"
"378","Electricity","PlanningRenewablesExpansion","AUT",2018,7,"NMBI","Other regulatory instruments",1,2,0,0,1,"OECD","Renewable expansion planning","Renewable expansion planning","Renewable planning","Non-market","Regulation","jump"
"379","Electricity","PlanningRenewablesExpansion","DNK",2018,9,"NMBI","Other regulatory instruments",2,2,0,1,1,"OECD","Renewable expansion planning","Renewable expansion planning","Renewable planning","Non-market","Regulation","jump"
"380","Electricity","PlanningRenewablesExpansion","CHE",2018,2,"NMBI","Other regulatory instruments",2,2,1,1,1,"OECD","Renewable expansion planning","Renewable expansion planning","Renewable planning","Non-market","Regulation","jump"
"381","Electricity","Renewable energy certificates","CHN",2018,7,"MBI","Subsidy",7,7,1,1,1,"OECD","Renewable portfolio standard","Renewable portfolio standard","Renewable portfolio standard","Non-market","Regulation","jump"
"382","International","Ratification of Climate Treaties","DNK",2018,10,"Other","International Co-operation",2,2,0,1,1,"OECD",NA,NA,NA,NA,NA,"jump"
"383","International","Ratification of Climate Treaties","FRA",2018,10,"Other","International Co-operation",2,2,0,1,1,"OECD",NA,NA,NA,NA,NA,"jump"
"384","International","Ratification of Climate Treaties","NLD",2018,10,"Other","International Co-operation",2,3,0,1,1,"OECD",NA,NA,NA,NA,NA,"jump"
"385","International","Ratification of Climate Treaties","CHE",2018,10,"Other","International Co-operation",2,3,0,1,1,"OECD",NA,NA,NA,NA,NA,"jump"
"386","International","Ratification of Climate Treaties","BEL",2018,10,"Other","International Co-operation",2,3,0,1,1,"OECD",NA,NA,NA,NA,NA,"jump"
"387","International","Ratification of Climate Treaties","AUT",2018,10,"Other","International Co-operation",2,2,0,1,1,"OECD",NA,NA,NA,NA,NA,"jump"
"388","International","Ratification of Climate Treaties","JPN",2018,10,"Other","International Co-operation",2,2,0,1,1,"OECD",NA,NA,NA,NA,NA,"jump"
"389","Cross_sectoral","Methane Policies","NLD",2019,6,"NMBI","Other NMBI",2,4,0,1,0,"OECD",NA,NA,NA,NA,NA,"jump"
"390","Cross_sectoral","RDD_Otherstorage","AUS",2019,6,"MBI","Other MBI",2,3,0,1,1,"OECD",NA,NA,NA,NA,NA,"jump"
"391","Cross_sectoral","RDD_Otherstorage","BEL",2019,9,"MBI","Other MBI",2,1,0,1,0,"OECD",NA,NA,NA,NA,NA,"jump"
"392","Cross_sectoral","RDD_Otherstorage","NLD",2019,7,"MBI","Other MBI",2,0,0,1,0,"OECD",NA,NA,NA,NA,NA,"jump"
"393","Cross_sectoral","RDD_Renewables","BEL",2019,6,"MBI","Other MBI",3,1,0,1,0,"OECD",NA,NA,NA,NA,NA,"jump"
"394","Electricity","BanPhaseOutCoal","DEU",2019,4,"NMBI","Technology Standards",4,4,1,1,1,"OECD","Ban & phase out (coal plants)","Ban & phase out","Ban & phase out","Non-market","Regulation","jump"
"395","Electricity","Carbon Tax Electricity","CAN",2019,8,"MBI","Carbon Pricing",6,3,0,1,1,"OECD","Carbon tax","Carbon tax","Taxation","Market","Pricing","jump"
"396","Electricity","PlanningRenewablesExpansion","BEL",2019,7,"NMBI","Other regulatory instruments",5,6,0,1,1,"OECD","Renewable expansion planning","Renewable expansion planning","Renewable planning","Non-market","Regulation","jump"
"397","Electricity","Renewable energy certificates","IND",2019,6,"MBI","Subsidy",1,2,0,0,1,"OECD","Renewable portfolio standard","Renewable portfolio standard","Renewable portfolio standard","Non-market","Regulation","jump"
"398","Electricity","Renewable energy certificates","BEL",2019,10,"MBI","Subsidy",2,2,0,1,1,"OECD","Renewable portfolio standard","Renewable portfolio standard","Renewable portfolio standard","Non-market","Regulation","jump"
"399","Cross_sectoral","Bans Phase Outs Fossil Fuel Extraction","DNK",2020,5,"NMBI","Technology Standards",5,5,1,1,1,"OECD",NA,NA,NA,NA,NA,"jump"
"400","Cross_sectoral","Methane Policies","CAN",2020,8,"NMBI","Other NMBI",6,6,0,1,1,"OECD",NA,NA,NA,NA,NA,"jump"
"401","Cross_sectoral","RDD_Otherstorage","GBR",2020,8,"MBI","Other MBI",2,1,0,1,0,"OECD",NA,NA,NA,NA,NA,"jump"
"402","Cross_sectoral","RDD_Otherstorage","DNK",2020,9,"MBI","Other MBI",2,0,0,1,0,"OECD",NA,NA,NA,NA,NA,"jump"
"403","Electricity","Auction","ITA",2020,6,"MBI","Subsidy",6,6,1,1,1,"OECD","Renewable auction","Renewable auction","Renewable subsidy","Market","Subsidy","jump"
"404","Electricity","Auction","ISR",2020,3,"MBI","Subsidy",3,3,1,1,1,"OECD","Renewable auction","Renewable auction","Renewable subsidy","Market","Subsidy","jump"
"405","Electricity","BanPhaseOutCoal","SWE",2020,8,"NMBI","Technology Standards",2,2,0,1,1,"OECD","Ban & phase out (coal plants)","Ban & phase out","Ban & phase out","Non-market","Regulation","jump"
"406","Electricity","BanPhaseOutCoal","AUT",2020,8,"NMBI","Technology Standards",2,2,0,1,1,"OECD","Ban & phase out (coal plants)","Ban & phase out","Ban & phase out","Non-market","Regulation","jump"
"407","Electricity","Carbon Tax Electricity","CAN",2020,10,"MBI","Carbon Pricing",2,8,0,1,0,"OECD","Carbon tax","Carbon tax","Taxation","Market","Pricing","jump"
"408","Electricity","ETS Electricity","CHE",2020,10,"MBI","Carbon Pricing",2,3,0,1,1,"OECD","Emission trading scheme","Emission trading scheme","Taxation","Market","Pricing","jump"
"409","Electricity","PlanningRenewablesExpansion","AUS",2020,9,"NMBI","Other regulatory instruments",2,2,0,1,1,"OECD","Renewable expansion planning","Renewable expansion planning","Renewable planning","Non-market","Regulation","jump"
"410","International","Ratification of Climate Treaties","RUS",2020,10,"Other","International Co-operation",2,3,0,1,1,"OECD",NA,NA,NA,NA,NA,"jump"
"411","Cross_sectoral","Bans Phase Outs Fossil Fuel Extraction","FRA",2021,6,"NMBI","Technology Standards",2,2,0,1,1,"OECD",NA,NA,NA,NA,NA,"jump"
"412","Cross_sectoral","Bans Phase Outs Fossil Fuel Extraction","SWE",2021,4,"NMBI","Technology Standards",4,4,1,1,1,"OECD",NA,NA,NA,NA,NA,"jump"
"413","Cross_sectoral","Bans Phase Outs Fossil Fuel Extraction","ESP",2021,7,"NMBI","Technology Standards",7,7,1,1,1,"OECD",NA,NA,NA,NA,NA,"jump"
"414","Cross_sectoral","Methane Policies","CHN",2021,9,"NMBI","Other NMBI",3,3,0,1,1,"OECD",NA,NA,NA,NA,NA,"jump"
"415","Cross_sectoral","RDD_Otherstorage","ESP",2021,9,"MBI","Other MBI",5,6,0,1,1,"OECD",NA,NA,NA,NA,NA,"jump"
"416","Cross_sectoral","RDD_Otherstorage","FRA",2021,9,"MBI","Other MBI",1,2,0,0,1,"OECD",NA,NA,NA,NA,NA,"jump"
"417","Cross_sectoral","RDD_Otherstorage","AUS",2021,7,"MBI","Other MBI",3,1,0,1,0,"OECD",NA,NA,NA,NA,NA,"jump"
"418","Cross_sectoral","RDD_Renewables","ESP",2021,8,"MBI","Other MBI",3,2,0,1,1,"OECD",NA,NA,NA,NA,NA,"jump"
"419","Electricity","Auction","IND",2021,6,"MBI","Subsidy",3,1,0,1,0,"OECD","Renewable auction","Renewable auction","Renewable subsidy","Market","Subsidy","jump"
"420","Electricity","Auction","BEL",2021,3,"MBI","Subsidy",3,3,1,1,1,"OECD","Renewable auction","Renewable auction","Renewable subsidy","Market","Subsidy","jump"
"421","Electricity","Auction","CHN",2021,5,"MBI","Subsidy",2,-1,0,1,0,"OECD","Renewable auction","Renewable auction","Renewable subsidy","Market","Subsidy","jump"
"422","Electricity","Auction","ESP",2021,3,"MBI","Subsidy",3,3,1,1,1,"OECD","Renewable auction","Renewable auction","Renewable subsidy","Market","Subsidy","jump"
"423","Electricity","Auction","JPN",2021,6,"MBI","Subsidy",2,3,0,1,1,"OECD","Renewable auction","Renewable auction","Renewable subsidy","Market","Subsidy","jump"
"424","Electricity","BanPhaseOutCoal","ESP",2021,3,"NMBI","Technology Standards",2,2,0,1,1,"OECD","Ban & phase out (coal plants)","Ban & phase out","Ban & phase out","Non-market","Regulation","jump"
"425","Electricity","BanPhaseOutCoal","NOR",2021,2,"NMBI","Technology Standards",2,2,1,1,1,"OECD","Ban & phase out (coal plants)","Ban & phase out","Ban & phase out","Non-market","Regulation","jump"
"426","Electricity","BanPhaseOutCoal","KOR",2021,3,"NMBI","Technology Standards",3,3,1,1,1,"OECD","Ban & phase out (coal plants)","Ban & phase out","Ban & phase out","Non-market","Regulation","jump"
"427","International","Ratification of Climate Treaties","IND",2021,10,"Other","International Co-operation",2,2,0,1,1,"OECD",NA,NA,NA,NA,NA,"jump"
"428","International","Ratification of Climate Treaties","CHN",2021,10,"Other","International Co-operation",2,2,0,1,1,"OECD",NA,NA,NA,NA,NA,"jump"
"429","International","Ratification of Climate Treaties","USA",2021,7,"Other","International Co-operation",2,2,0,1,1,"OECD",NA,NA,NA,NA,NA,"jump"
"430","Cross_sectoral","RDD_Renewables","AUS",2022,5,"MBI","Other MBI",1,2,0,0,1,"OECD",NA,NA,NA,NA,NA,"jump"
"431","Cross_sectoral","RDD_Renewables","BEL",2022,5,"MBI","Other MBI",3,0,0,1,0,"OECD",NA,NA,NA,NA,NA,"jump"
"432","Electricity","Auction","GBR",2022,5,"MBI","Subsidy",5,5,0,1,1,"OECD","Renewable auction","Renewable auction","Renewable subsidy","Market","Subsidy","jump"
"433","Electricity","ETS Electricity","GBR",2022,9,"MBI","Carbon Pricing",9,1,0,1,0,"OECD","Emission trading scheme","Emission trading scheme","Taxation","Market","Pricing","jump"
"434","International","Ratification of Climate Treaties","ITA",2022,10,"Other","International Co-operation",2,2,0,1,1,"OECD",NA,NA,NA,NA,NA,"jump"
"435","International","Ratification of Climate Treaties","ESP",2022,10,"Other","International Co-operation",2,2,0,1,1,"OECD",NA,NA,NA,NA,NA,"jump"
